{"status": 1, "分组数": 4, "寄存器组": [{"是否生成代码": "yes", "寄存器组名称": "出厂整机", "寄存器组变量名": "REG_FACTORY", "起始地址": "0xD0", "结束地址": "0xDC", "寄存器个数": "13", "合法值个数": "9", "数据块": [{"名称": "设备地址", "单位": "  ", "取值下限": "1.0", "取值上限": "247.0", "对应变量名": "g_modbus_addr", "说明": "限制地址不允许更改", "解析": "HEX", "类型": "UINT16", "寄存器数": "1", "读写权限": "RW", "地址十六进制": "0xD0", "用户组": "3"}, {"名称": "硬件版本号", "单位": "", "取值下限": "1.0", "取值上限": "0x999999", "对应变量名": "g_hard", "说明": "32123 解析为 3.21.23", "解析": "BCD", "类型": "UINT32", "寄存器数": "2", "读写权限": "RW", "地址十六进制": "0xD1", "用户组": "1"}, {"名称": "软件版本号", "单位": "", "取值下限": "1.0", "取值上限": "0x999999", "对应变量名": "g_soft", "说明": "102123 解析为 10.21.23", "解析": "BCD", "类型": "UINT32", "寄存器数": "2", "读写权限": "RW", "地址十六进制": "0xD3", "用户组": "1"}, {"名称": "整机编号", "单位": "", "取值下限": "1.0", "取值上限": "0x99999999", "对应变量名": "g_number", "说明": "22080001.0", "解析": "BCD", "类型": "UINT32", "寄存器数": "2", "读写权限": "RW", "地址十六进制": "0xD5", "用户组": "2"}, {"名称": "制造商ID", "单位": "", "取值下限": "1.0", "取值上限": "0x9999", "对应变量名": "g_manu_id", "说明": "委托加工商编号，未确定", "解析": "BCD", "类型": "UINT16", "寄存器数": "1", "读写权限": "RW", "地址十六进制": "0xD7", "用户组": "2"}, {"名称": "设备类型", "单位": "", "取值下限": "1.0", "取值上限": "100.0", "对应变量名": "g_type", "说明": "", "解析": "HEX", "类型": "UINT16", "寄存器数": "1", "读写权限": "RW", "地址十六进制": "0xD8", "用户组": "2"}, {"名称": "出厂日期", "单位": "日", "取值下限": "20210101.0", "取值上限": "0x21000101", "对应变量名": "g_date", "说明": "例：20210101 整型表示,且需要判断日期是否合法", "解析": "BCD", "类型": "UINT32", "寄存器数": "2", "读写权限": "RW", "地址十六进制": "0xD9", "用户组": "2"}, {"名称": "存储数据", "单位": "", "取值下限": "0.0", "取值上限": "1.0", "对应变量名": "g_save", "说明": "", "解析": "HEX", "类型": "UINT16", "寄存器数": "1", "读写权限": "RW", "地址十六进制": "0xDB", "用户组": "2"}, {"名称": "模式", "单位": "", "取值下限": "1.0", "取值上限": "7.0", "对应变量名": "g_mode", "说明": "对应七种读取数据的模式", "解析": "HEX", "类型": "UINT16", "寄存器数": "1", "读写权限": "RW", "地址十六进制": "0xDC", "用户组": "1"}]}, {"是否生成代码": "yes", "寄存器组名称": "表体参数与标定", "寄存器组变量名": "REG_PARA", "起始地址": "0x1000", "结束地址": "0x1013", "寄存器个数": "20", "合法值个数": "10", "数据块": [{"名称": "截面积", "单位": "mm2", "取值下限": "10.0", "取值上限": "1000.0", "对应变量名": "g_area", "说明": "", "解析": "FLOAT", "类型": "REAL4", "寄存器数": "2", "读写权限": "RW", "地址十六进制": "0x1000", "用户组": "2"}, {"名称": "最佳仪表系数", "单位": "", "取值下限": "1000.0", "取值上限": "10000000.0", "对应变量名": "g_pulse_b", "说明": "仪表系数", "解析": "FLOAT", "类型": "REAL4", "寄存器数": "2", "读写权限": "R", "地址十六进制": "0x1002", "用户组": "2"}, {"名称": "仪表系数", "单位": "", "取值下限": "1000.0", "取值上限": "10000000.0", "对应变量名": "g_pulse_k", "说明": "仪表系数", "解析": "HEX", "类型": "UINT32", "寄存器数": "2", "读写权限": "RW", "地址十六进制": "0x1004", "用户组": "2"}, {"名称": "最大流量值", "单位": "m3/h", "取值下限": "1.0", "取值上限": "9999.0", "对应变量名": "g_max_flow", "说明": "", "解析": "FLOAT", "类型": "REAL4", "寄存器数": "2", "读写权限": "RW", "地址十六进制": "0x1006", "用户组": "2"}, {"名称": "最小流量值", "单位": "m3/h", "取值下限": "0.001", "取值上限": "9999.0", "对应变量名": "g_min_flow", "说明": "", "解析": "FLOAT", "类型": "REAL4", "寄存器数": "2", "读写权限": "RW", "地址十六进制": "0x1008", "用户组": "2"}, {"名称": "表体输出最大流量脉冲频率", "单位": "Hz", "取值下限": "1.0", "取值上限": "9999.0", "对应变量名": "g_max_freq", "说明": "用于判断仪表系数是否设置合理", "解析": "FLOAT", "类型": "REAL4", "寄存器数": "2", "读写权限": "R", "地址十六进制": "0x100A", "用户组": "3"}, {"名称": "表体输出最小流量脉冲频率", "单位": "Hz", "取值下限": "1.0", "取值上限": "100.0", "对应变量名": "g_min_freq", "说明": "用于判断仪表系数是否设置合理", "解析": "FLOAT", "类型": "REAL4", "寄存器数": "2", "读写权限": "R", "地址十六进制": "0x100C", "用户组": "3"}, {"名称": "标定装置最大脉冲频率", "单位": "Hz", "取值下限": "200.0", "取值上限": "20000.0", "对应变量名": "g_cal_max_freq", "说明": "", "解析": "FLOAT", "类型": "REAL4", "寄存器数": "2", "读写权限": "RW", "地址十六进制": "0x100E", "用户组": "2"}, {"名称": "标定装置最小脉冲频率", "单位": "Hz", "取值下限": "1.0", "取值上限": "20.0", "对应变量名": "g_cal_min_freq", "说明": "", "解析": "FLOAT", "类型": "REAL4", "寄存器数": "2", "读写权限": "RW", "地址十六进制": "0x1010", "用户组": "2"}, {"名称": "当前输出频率", "单位": "Hz", "取值下限": "1.0", "取值上限": "20000.0", "对应变量名": "g_cur_freq", "说明": "用于实时显示当前输出的脉冲频率", "解析": "FLOAT", "类型": "REAL4", "寄存器数": "2", "读写权限": "R", "地址十六进制": "0x1012", "用户组": "3"}]}, {"是否生成代码": "no", "寄存器组名称": "读取数据", "寄存器组变量名": "REG_DATA", "起始地址": "0x2000", "结束地址": "0x2027", "寄存器个数": "40", "合法值个数": "22", "数据块": [{"名称": "流速", "单位": "m/s", "取值下限": "0.0001", "取值上限": "30.0", "对应变量名": "g_vog", "说明": "", "解析": "FLOAT", "类型": "REAL4", "寄存器数": "2", "读写权限": "R", "地址十六进制": "0x2000", "用户组": "4"}, {"名称": "瞬时流量", "单位": "L/h", "取值下限": "0.01", "取值上限": "30000.0", "对应变量名": "g_qusm", "说明": "", "解析": "FLOAT", "类型": "REAL4", "寄存器数": "2", "读写权限": "R", "地址十六进制": "0x2002", "用户组": "4"}, {"名称": "正向声时", "单位": "ns", "取值下限": "50.0", "取值上限": "500.0", "对应变量名": "g_tup1", "说明": "", "解析": "FLOAT", "类型": "REAL4", "寄存器数": "2", "读写权限": "R", "地址十六进制": "0x2004", "用户组": "4"}, {"名称": "逆向声时", "单位": "ns", "取值下限": "50.0", "取值上限": "500.0", "对应变量名": "g_tdn1", "说明": "", "解析": "FLOAT", "类型": "REAL4", "寄存器数": "2", "读写权限": "R", "地址十六进制": "0x2006", "用户组": "4"}, {"名称": "温度", "单位": "℃", "取值下限": "-35.0", "取值上限": "60.0", "对应变量名": "g_temperature", "说明": "", "解析": "FLOAT", "类型": "REAL4", "寄存器数": "2", "读写权限": "R", "地址十六进制": "0x2008", "用户组": "4"}, {"名称": "压力", "单位": "kPa", "取值下限": "60.0", "取值上限": "1000.0", "对应变量名": "g_pressure", "说明": "", "解析": "FLOAT", "类型": "REAL4", "寄存器数": "2", "读写权限": "R", "地址十六进制": "0x200A", "用户组": "4"}, {"名称": "增益1", "单位": "", "取值下限": "0.0", "取值上限": "255.0", "对应变量名": "g_gain1", "说明": "", "解析": "FLOAT", "类型": "REAL4", "寄存器数": "2", "读写权限": "R", "地址十六进制": "0x200C", "用户组": "4"}, {"名称": "增益2", "单位": "", "取值下限": "0.0", "取值上限": "255.0", "对应变量名": "g_gain2", "说明": "", "解析": "FLOAT", "类型": "REAL4", "寄存器数": "2", "读写权限": "R", "地址十六进制": "0x200E", "用户组": "4"}, {"名称": "正向声时2", "单位": "ns", "取值下限": "0.0", "取值上限": "1.0", "对应变量名": "g_tup2", "说明": "", "解析": "FLOAT", "类型": "REAL4", "寄存器数": "2", "读写权限": "R", "地址十六进制": "0x2010", "用户组": "4"}, {"名称": "逆向声时2", "单位": "ns", "取值下限": "0.01", "取值上限": "0.2", "对应变量名": "g_tdn2", "说明": "", "解析": "FLOAT", "类型": "REAL4", "寄存器数": "2", "读写权限": "R", "地址十六进制": "0x2012", "用户组": "4"}, {"名称": "声速", "单位": "m/s", "取值下限": "200.0", "取值上限": "500.0", "对应变量名": "g_vos1", "说明": "", "解析": "FLOAT", "类型": "REAL4", "寄存器数": "2", "读写权限": "R", "地址十六进制": "0x2014", "用户组": "4"}, {"名称": "Rup1", "单位": "", "取值下限": "0.01", "取值上限": "2.0", "对应变量名": "g_rup1", "说明": "", "解析": "FLOAT", "类型": "REAL4", "寄存器数": "2", "读写权限": "R", "地址十六进制": "0x2016", "用户组": "4"}, {"名称": "Rdown1", "单位": "", "取值下限": "0.01", "取值上限": "2.0", "对应变量名": "g_rdn1", "说明": "", "解析": "FLOAT", "类型": "REAL4", "寄存器数": "2", "读写权限": "R", "地址十六进制": "0x2018", "用户组": "4"}, {"名称": "Rup2", "单位": "", "取值下限": "0.01", "取值上限": "2.0", "对应变量名": "g_rup2", "说明": "", "解析": "FLOAT", "类型": "REAL4", "寄存器数": "2", "读写权限": "R", "地址十六进制": "0x201A", "用户组": "4"}, {"名称": "Rdown2", "单位": "", "取值下限": "0.01", "取值上限": "2.0", "对应变量名": "g_rdn2", "说明": "", "解析": "FLOAT", "类型": "REAL4", "寄存器数": "2", "读写权限": "R", "地址十六进制": "0x201C", "用户组": "4"}, {"名称": "Err1", "单位": "", "取值下限": "0.0", "取值上限": "256.0", "对应变量名": "g_err1", "说明": "", "解析": "HEX", "类型": "UINT16", "寄存器数": "1", "读写权限": "R", "地址十六进制": "0x201E", "用户组": "4"}, {"名称": "Err2", "单位": "", "取值下限": "0.0", "取值上限": "256.0", "对应变量名": "g_err2", "说明": "", "解析": "HEX", "类型": "UINT16", "寄存器数": "1", "读写权限": "R", "地址十六进制": "0x201F", "用户组": "4"}, {"名称": "Sys", "单位": "", "取值下限": "0.0", "取值上限": "256.0", "对应变量名": "g_sys", "说明": "", "解析": "HEX", "类型": "UINT16", "寄存器数": "1", "读写权限": "R", "地址十六进制": "0x2020", "用户组": "4"}, {"名称": "测量次数", "单位": "次", "取值下限": "1.0", "取值上限": "64.0", "对应变量名": "g_meas_times", "说明": "", "解析": "HEX", "类型": "UINT16", "寄存器数": "1", "读写权限": "R", "地址十六进制": "0x2021", "用户组": "4"}, {"名称": "DW1", "单位": "", "取值下限": "0.01", "取值上限": "2.0", "对应变量名": "g_dw1", "说明": "", "解析": "FLOAT", "类型": "REAL4", "寄存器数": "2", "读写权限": "R", "地址十六进制": "0x2022", "用户组": "4"}, {"名称": "DW2", "单位": "", "取值下限": "0.01", "取值上限": "2.0", "对应变量名": "g_dw2", "说明": "", "解析": "FLOAT", "类型": "REAL4", "寄存器数": "2", "读写权限": "R", "地址十六进制": "0x2024", "用户组": "4"}, {"名称": "声速2", "单位": "m/s", "取值下限": "200.0", "取值上限": "500.0", "对应变量名": "g_vos2", "说明": "", "解析": "FLOAT", "类型": "REAL4", "寄存器数": "2", "读写权限": "R", "地址十六进制": "0x2026", "用户组": "4"}]}, {"是否生成代码": "no", "寄存器组名称": "误差修正", "寄存器组变量名": "REG_ERR", "起始地址": "0x3000", "结束地址": "0x3028", "寄存器个数": "41", "合法值个数": "21", "数据块": [{"名称": "声时模块工况瞬时量修正点数", "单位": "", "取值下限": "0.0", "取值上限": "10.0", "对应变量名": "g_meas_point_num", "说明": "注：上位机读时：要求寄存器每组误差修正值整块读入，声时模块修正数据合成后内部实际使用修正曲线，（声时模块-标准表）/标准表 *100%", "解析": "HEX", "类型": "UINT16", "寄存器数": "1", "读写权限": "RW", "地址十六进制": "0x3000", "用户组": "2"}, {"名称": "声时模块工况瞬时量平均值1", "单位": "L/h", "取值下限": "-100000.0", "取值上限": "100000.0", "对应变量名": "g_fix_point[0].val", "说明": "", "解析": "FLOAT", "类型": "REAL4", "寄存器数": "2", "读写权限": "RW", "地址十六进制": "0x3001", "用户组": "2"}, {"名称": "声时模块工况瞬时量误差值1", "单位": "%", "取值下限": "-100.0", "取值上限": "100.0", "对应变量名": "g_fix_point[0].err", "说明": "", "解析": "FLOAT", "类型": "REAL4", "寄存器数": "2", "读写权限": "RW", "地址十六进制": "0x3003", "用户组": "2"}, {"名称": "声时模块工况瞬时量平均值2", "单位": "L/h", "取值下限": "-100000.0", "取值上限": "100000.0", "对应变量名": "g_fix_point[1].val", "说明": "", "解析": "FLOAT", "类型": "REAL4", "寄存器数": "2", "读写权限": "RW", "地址十六进制": "0x3005", "用户组": "2"}, {"名称": "声时模块工况瞬时量误差值2", "单位": "%", "取值下限": "-100.0", "取值上限": "100.0", "对应变量名": "g_fix_point[1].err", "说明": "", "解析": "FLOAT", "类型": "REAL4", "寄存器数": "2", "读写权限": "RW", "地址十六进制": "0x3007", "用户组": "2"}, {"名称": "声时模块工况瞬时量平均值3", "单位": "L/h", "取值下限": "-100000.0", "取值上限": "100000.0", "对应变量名": "g_fix_point[2].val", "说明": "", "解析": "FLOAT", "类型": "REAL4", "寄存器数": "2", "读写权限": "RW", "地址十六进制": "0x3009", "用户组": "2"}, {"名称": "声时模块工况瞬时量误差值3", "单位": "%", "取值下限": "-100.0", "取值上限": "100.0", "对应变量名": "g_fix_point[2].err", "说明": "", "解析": "FLOAT", "类型": "REAL4", "寄存器数": "2", "读写权限": "RW", "地址十六进制": "0x300B", "用户组": "2"}, {"名称": "声时模块工况瞬时量平均值4", "单位": "L/h", "取值下限": "-100000.0", "取值上限": "100000.0", "对应变量名": "g_fix_point[3].val", "说明": "", "解析": "FLOAT", "类型": "REAL4", "寄存器数": "2", "读写权限": "RW", "地址十六进制": "0x300D", "用户组": "2"}, {"名称": "声时模块工况瞬时量误差值4", "单位": "%", "取值下限": "-100.0", "取值上限": "100.0", "对应变量名": "g_fix_point[3].err", "说明": "", "解析": "FLOAT", "类型": "REAL4", "寄存器数": "2", "读写权限": "RW", "地址十六进制": "0x300F", "用户组": "2"}, {"名称": "声时模块工况瞬时量平均值5", "单位": "L/h", "取值下限": "-100000.0", "取值上限": "100000.0", "对应变量名": "g_fix_point[4].val", "说明": "", "解析": "FLOAT", "类型": "REAL4", "寄存器数": "2", "读写权限": "RW", "地址十六进制": "0x3011", "用户组": "2"}, {"名称": "声时模块工况瞬时量误差值5", "单位": "%", "取值下限": "-100.0", "取值上限": "100.0", "对应变量名": "g_fix_point[4].err", "说明": "", "解析": "FLOAT", "类型": "REAL4", "寄存器数": "2", "读写权限": "RW", "地址十六进制": "0x3013", "用户组": "2"}, {"名称": "声时模块工况瞬时量平均值6", "单位": "L/h", "取值下限": "-100000.0", "取值上限": "100000.0", "对应变量名": "g_fix_point[5].val", "说明": "", "解析": "FLOAT", "类型": "REAL4", "寄存器数": "2", "读写权限": "RW", "地址十六进制": "0x3015", "用户组": "2"}, {"名称": "声时模块工况瞬时量误差值6", "单位": "%", "取值下限": "-100.0", "取值上限": "100.0", "对应变量名": "g_fix_point[5].err", "说明": "", "解析": "FLOAT", "类型": "REAL4", "寄存器数": "2", "读写权限": "RW", "地址十六进制": "0x3017", "用户组": "2"}, {"名称": "声时模块工况瞬时量平均值7", "单位": "L/h", "取值下限": "-100000.0", "取值上限": "100000.0", "对应变量名": "g_fix_point[6].val", "说明": "", "解析": "FLOAT", "类型": "REAL4", "寄存器数": "2", "读写权限": "RW", "地址十六进制": "0x3019", "用户组": "2"}, {"名称": "声时模块工况瞬时量误差值7", "单位": "%", "取值下限": "-100.0", "取值上限": "100.0", "对应变量名": "g_fix_point[6].err", "说明": "", "解析": "FLOAT", "类型": "REAL4", "寄存器数": "2", "读写权限": "RW", "地址十六进制": "0x301B", "用户组": "2"}, {"名称": "声时模块工况瞬时量平均值8", "单位": "L/h", "取值下限": "-100000.0", "取值上限": "100000.0", "对应变量名": "g_fix_point[7].val", "说明": "", "解析": "FLOAT", "类型": "REAL4", "寄存器数": "2", "读写权限": "RW", "地址十六进制": "0x301D", "用户组": "2"}, {"名称": "声时模块工况瞬时量误差值8", "单位": "%", "取值下限": "-100.0", "取值上限": "100.0", "对应变量名": "g_fix_point[7].err", "说明": "", "解析": "FLOAT", "类型": "REAL4", "寄存器数": "2", "读写权限": "RW", "地址十六进制": "0x301F", "用户组": "2"}, {"名称": "声时模块工况瞬时量平均值9", "单位": "L/h", "取值下限": "-100000.0", "取值上限": "100000.0", "对应变量名": "g_fix_point[8].val", "说明": "", "解析": "FLOAT", "类型": "REAL4", "寄存器数": "2", "读写权限": "RW", "地址十六进制": "0x3021", "用户组": "2"}, {"名称": "声时模块工况瞬时量误差值9", "单位": "%", "取值下限": "-100.0", "取值上限": "100.0", "对应变量名": "g_fix_point[8].err", "说明": "", "解析": "FLOAT", "类型": "REAL4", "寄存器数": "2", "读写权限": "RW", "地址十六进制": "0x3023", "用户组": "2"}, {"名称": "声时模块工况瞬时量平均值10", "单位": "L/h", "取值下限": "-100000.0", "取值上限": "100000.0", "对应变量名": "g_fix_point[9].val", "说明": "", "解析": "FLOAT", "类型": "REAL4", "寄存器数": "2", "读写权限": "RW", "地址十六进制": "0x3025", "用户组": "2"}, {"名称": "声时模块工况瞬时量误差值10", "单位": "%", "取值下限": "-100.0", "取值上限": "100.0", "对应变量名": "g_fix_point[9].err", "说明": "", "解析": "FLOAT", "类型": "REAL4", "寄存器数": "2", "读写权限": "RW", "地址十六进制": "0x3027", "用户组": "2"}]}], "Author": "Damon", "message": "OK"}